{
    "08": [
        1.27703474409458,
        103.841261034891
    ],
    "09": [
        1.2794566007733,
        103.817897561986
    ],
    "10": [
        1.27351337938812,
        103.810145340012
    ],
    "11": [
        1.28524228318453,
        103.779091500897
    ],
    "12": [
        1.32208936757696,
        103.76893341249
    ],
    "13": [
        1.30252574694853,
        103.783273166817
    ],
    "14": [
        1.29327775000513,
        103.799918049241
    ],
    "15": [
        1.28645354030176,
        103.808242400418
    ],
    "16": [
        1.29207525084313,
        103.828584077626
    ],
    "18": [
        1.29701305867321,
        103.853525790001
    ],
    "19": [
        1.3036713506088,
        103.864478660925
    ],
    "20": [
        1.3075823020609,
        103.858967398343
    ],
    "21": [
        1.31236768241478,
        103.852109307152
    ],
    "26": [
        1.31726629524361,
        103.806782877524
    ],
    "27": [
        1.31287975684312,
        103.786855017635
    ],
    "30": [
        1.32557113096137,
        103.842493835321
    ],
    "31": [
        1.3394303354336,
        103.853442790992
    ],
    "32": [
        1.3234026369407,
        103.86163080083
    ],
    "33": [
        1.31601875088284,
        103.859209335509
    ],
    "34": [
        1.33623671562037,
        103.871287596113
    ],
    "35": [
        1.33315710123238,
        103.868380398922
    ],
    "36": [
        1.334292424128,
        103.878746207181
    ],
    "37": [
        1.33119721401349,
        103.886976681713
    ],
    "38": [
        1.31423937033552,
        103.870914031459
    ],
    "39": [
        1.3078705621941,
        103.883192164927
    ],
    "40": [
        1.32065764524822,
        103.90246344511
    ],
    "41": [
        1.32515983382088,
        103.910888819332
    ],
    "42": [
        1.31593802099835,
        103.898397565472
    ],
    "43": [
        1.31129091152628,
        103.897703432652
    ],
    "44": [
        1.30482902187781,
        103.918614976369
    ],
    "45": [
        1.31176289799416,
        103.923113122199
    ],
    "46": [
        1.32085208689733,
        103.933721091441
    ],
    "47": [
        1.32844913301989,
        103.909937396599
    ],
    "50": [
        1.38854656229023,
        103.987804503483
    ],
    "51": [
        1.36705021516613,
        103.958181857039
    ],
    "52": [
        1.33954152219,
        103.943334614625
    ],
    "53": [
        1.36413097349222,
        103.89300132385
    ],
    "54": [
        1.38276428893597,
        103.899272035914
    ],
    "55": [
        1.37103631988092,
        103.870360910842
    ],
    "56": [
        1.37026158388489,
        103.839467898898
    ],
    "57": [
        1.34485915828156,
        103.848400765185
    ],
    "59": [
        1.31854417024902,
        103.773269233997
    ],
    "60": [
        1.32368064923943,
        103.739156156511
    ],
    "61": [
        1.33388939555115,
        103.723306118882
    ],
    "63": [
        1.33570859607445,
        103.692384325863
    ],
    "64": [
        1.34840967637942,
        103.707755166825
    ],
    "65": [
        1.34670636093149,
        103.746920663038
    ],
    "67": [
        1.3791643163364,
        103.767439286222
    ],
    "68": [
        1.38253882861959,
        103.751710905678
    ],
    "69": [
        1.35619129929513,
        103.734114100714
    ],
    "73": [
        1.44067109860247,
        103.775739945213
    ],
    "75": [
        1.45139998591607,
        103.830859953414
    ],
    "76": [
        1.43053575384083,
        103.827667722074
    ],
    "79": [
        1.39010212659852,
        103.870984520752
    ],
    "82": [
        1.39848166105507,
        103.905808105789
    ]
}